{"RuleTriggered": 1, "Violations": 1, "Details": {"pin_memory": false, "num_workers": 0, "cores": 4, "dataloaders": 1, "dataloading_time": {"p25": 1.3095284999999999, "p50": 1.449277, "p95": 1.7211785, "probs": [1, 2, 0, 0, 0, 1, 0, 0, 0, 0, 0, 0, 0, 0, 1, 0, 0, 0, 0, 0, 0, 0, 0, 0, 0, 0, 0, 0, 0, 0, 0, 0, 0, 0, 1, 0, 0, 0, 0, 0, 0, 0, 0, 0, 0, 0, 0, 0, 0, 0, 0, 0, 0, 0, 0, 0, 0, 0, 0, 0, 0, 0, 0, 0, 0, 1, 0, 0, 0, 0, 0, 0, 0, 0, 0, 0, 0, 1, 0, 0, 0, 0, 0, 0, 0, 0, 0, 1, 0, 0, 0, 1, 0, 0, 0, 0, 0, 0, 0, 1], "binedges": [1.292989, 1.29745893, 1.3019288599999999, 1.30639879, 1.31086872, 1.31533865, 1.31980858, 1.3242785099999999, 1.32874844, 1.33321837, 1.3376883, 1.34215823, 1.3466281599999999, 1.35109809, 1.35556802, 1.36003795, 1.36450788, 1.3689778099999999, 1.37344774, 1.37791767, 1.3823876, 1.38685753, 1.3913274599999998, 1.39579739, 1.40026732, 1.40473725, 1.40920718, 1.4136771099999998, 1.41814704, 1.42261697, 1.4270869, 1.43155683, 1.4360267599999998, 1.44049669, 1.44496662, 1.44943655, 1.45390648, 1.4583764099999998, 1.46284634, 1.46731627, 1.4717862, 1.4762561299999999, 1.4807260599999998, 1.48519599, 1.48966592, 1.49413585, 1.4986057799999999, 1.5030757099999998, 1.50754564, 1.51201557, 1.5164855, 1.5209554299999999, 1.5254253599999998, 1.5298952899999998, 1.53436522, 1.53883515, 1.5433050799999999, 1.5477750099999998, 1.55224494, 1.55671487, 1.5611848, 1.5656547299999999, 1.5701246599999998, 1.5745945899999998, 1.57906452, 1.58353445, 1.5880043799999999, 1.5924743099999998, 1.59694424, 1.60141417, 1.6058841, 1.6103540299999999, 1.6148239599999998, 1.6192938899999998, 1.62376382, 1.62823375, 1.6327036799999999, 1.6371736099999998, 1.64164354, 1.64611347, 1.6505834, 1.6550533299999999, 1.6595232599999998, 1.6639931899999998, 1.66846312, 1.67293305, 1.6774029799999999, 1.6818729099999998, 1.68634284, 1.69081277, 1.6952827, 1.6997526299999999, 1.7042225599999998, 1.7086924899999998, 1.71316242, 1.71763235, 1.7221022799999999, 1.7265722099999998, 1.73104214, 1.73551207, 1.739982]}}, "Datapoints": 11, "RuleParameters": "min_threshold:70\nmax_threshold:200"}