{"RuleTriggered": 0, "Violations": 0, "Details": {"step_num": {"first": 1669895550920802, "last": 1669899654636921}, "job_start": 1669895475.50059, "job_end": 1669899659.501127}, "Datapoints": 309, "RuleParameters": "threshold:20"}