{"RuleTriggered": 0, "Violations": 0, "Details": {"ratio": {"cpu_functions": 100.0}, "phase": {"Step:ModeKeys.TRAIN": 96.73967280713539, "others": -9.256753618026694, "Step:ModeKeys.EVAL": 12.517080810891304}, "phase_time": {}, "CPU": {"aten::conv2d": 18.216025048902694, "aten::convolution": 18.21533487894504, "aten::_convolution": 18.214800189787603, "aten::mkldnn_convolution": 18.21339853395613, "aten::batch_norm": 8.082436536467636, "aten::_batch_norm_impl_index": 8.08143665878696, "aten::native_batch_norm": 8.080385013881328, "enumerate(DataLoader)#_SingleProcessDataLoaderIter.__next__": 2.8961831392726056}, "CPU_total": {"aten::conv2d": 101694291, "aten::convolution": 101690438, "aten::_convolution": 101687453, "aten::mkldnn_convolution": 101679628, "aten::batch_norm": 45121680, "aten::_batch_norm_impl_index": 45116098, "aten::native_batch_norm": 45110227, "enumerate(DataLoader)#_SingleProcessDataLoaderIter.__next__": 16168472}, "general": {"DataLoaderIterInitialize": 0.00017321146608257853, "DataLoaderIter": 0.33574954974883214, "Forward": 99.66407723878508}}, "Datapoints": 0, "RuleParameters": ""}