{"RuleTriggered": 26, "Violations": 338, "Details": {"step_details": {"algo-1-27": {"step_stats": {"mean": 16.055909167910446, "max": 42.371174, "p99": 36.26591390999999, "p95": 30.685058, "p50": 14.927586999999999, "min": 1.950169}, "number_of_outliers": 13, "phase": "Step:ModeKeys.TRAIN", "stddev": 5.12, "probs": [4, 0, 0, 0, 0, 0, 0, 0, 0, 0, 0, 0, 0, 0, 0, 0, 0, 0, 0, 0, 0, 0, 0, 0, 0, 0, 0, 0, 0, 0, 0, 0, 0, 0, 0, 0, 0, 0, 0, 0, 0, 0, 0, 10, 109, 49, 42, 30, 7, 0, 0, 0, 0, 0, 0, 0, 0, 0, 0, 0, 0, 0, 0, 0, 0, 0, 0, 0, 0, 0, 0, 0, 0, 0, 0, 0, 0, 0, 0, 2, 0, 0, 0, 0, 0, 0, 0, 0, 0, 0, 0, 0, 0, 0, 0, 0, 0, 0, 0, 2], "binedges": [1.950169, 2.23751789, 2.52486678, 2.81221567, 3.09956456, 3.38691345, 3.6742623400000003, 3.96161123, 4.2489601200000005, 4.53630901, 4.823657900000001, 5.11100679, 5.39835568, 5.68570457, 5.97305346, 6.260402350000001, 6.54775124, 6.83510013, 7.12244902, 7.40979791, 7.6971468000000005, 7.98449569, 8.271844580000002, 8.55919347, 8.84654236, 9.133891250000001, 9.42124014, 9.70858903, 9.995937920000001, 10.283286810000002, 10.570635700000002, 10.857984590000001, 11.145333480000001, 11.432682370000002, 11.72003126, 12.007380150000001, 12.294729040000002, 12.582077930000002, 12.869426820000001, 13.156775710000002, 13.444124600000002, 13.73147349, 14.018822380000001, 14.306171270000002, 14.593520160000002, 14.880869050000001, 15.168217940000002, 15.455566830000002, 15.742915720000001, 16.03026461, 16.3176135, 16.60496239, 16.89231128, 17.179660170000002, 17.467009060000002, 17.754357950000003, 18.04170684, 18.32905573, 18.61640462, 18.90375351, 19.191102400000002, 19.47845129, 19.76580018, 20.05314907, 20.34049796, 20.62784685, 20.91519574, 21.202544630000002, 21.48989352, 21.77724241, 22.0645913, 22.35194019, 22.63928908, 22.92663797, 23.213986860000002, 23.50133575, 23.78868464, 24.07603353, 24.36338242, 24.65073131, 24.9380802, 25.225429090000002, 25.51277798, 25.80012687, 26.08747576, 26.37482465, 26.66217354, 26.949522430000002, 27.236871320000002, 27.52422021, 27.8115691, 28.09891799, 28.38626688, 28.67361577, 28.960964660000002, 29.248313550000002, 29.53566244, 29.82301133, 30.11036022, 30.39770911, 30.685058], "step_numbers": ["1", "2", "2", "3", "4", "5", "5", "6", "7", "7", "8", "8", "9"]}}}, "Datapoints": 309, "RuleParameters": "threshold:3\nmode:None\nn_outliers:10\nstddev:3"}